transaction_id,Class
194910,0
207311,0
173590,0
281500,0
60239,0
15398,0
214992,0
257361,0
70086,0
104759,0
190584,0
104512,0
90829,0
250314,0
240228,0
77753,0
80788,0
1785,0
271533,0
71178,0
257937,0
91743,0
140700,0
28625,0
244829,0
215590,0
164610,0
249484,0
263103,0
136875,0
203041,0
14079,0
228155,0
174856,0
7404,0
198550,0
240501,0
267974,0
158467,0
60818,0
28630,0
250412,0
1786,0
32332,0
47544,0
123494,0
222380,0
172297,0
230877,0
228916,0
192772,0
253418,0
120769,0
50786,0
273625,0
133552,0
7305,0
68200,0
235656,0
136951,0
16025,0
169279,0
258559,0
148672,0
64102,0
269865,0
207138,0
198554,0
153167,0
102024,0
88042,0
95531,0
177979,0
100981,0
253622,0
55528,0
149657,0
133946,0
258574,0
195465,0
173693,0
172927,0
106505,0
4238,0
122750,0
217699,0
153300,0
63352,0
1481,0
101929,0
99387,0
120484,0
107789,0
29767,0
111160,0
153116,0
34574,0
83551,0
36264,0
270815,0
170784,0
151048,0
108327,0
118919,0
146445,0
228124,0
73740,0
35746,0
124286,0
38920,0
93187,0
130459,0
100966,0
55953,0
98800,0
3898,0
176647,0
66088,0
15862,0
4907,0
98459,0
84050,0
106361,0
214738,0
1440,0
53375,0
8177,0
13823,0
256690,0
93032,0
258027,0
146669,0
212615,0
98670,0
52146,0
94365,0
190271,0
6753,0
252266,0
244343,0
26495,0
261503,0
158420,0
269435,0
244304,0
164262,0
240030,0
143344,0
138352,0
186479,0
14640,0
112707,0
534,0
167091,0
187670,0
247162,0
153845,0
55491,0
279093,0
43373,0
219503,0
41341,0
121155,0
132967,0
268061,0
194614,0
274614,0
284722,0
247752,0
194733,0
38915,0
174571,0
147588,0
28751,0
11700,0
40821,0
239811,0
56403,0
93973,0
140077,0
143632,0
171837,0
278921,0
147347,0
32113,0
142467,0
6642,0
240944,0
79207,0
209054,0
98505,0
145279,0
250971,0
142648,0
167460,0
148964,0
109788,0
82701,0
57651,0
49601,0
249669,0
198806,0
9751,0
116995,0
170684,0
127120,0
231751,0
26236,0
142283,0
113050,0
25775,0
113463,0
135171,0
125615,0
131423,0
82007,0
270415,0
84676,0
259609,0
110011,0
41860,0
232152,0
201725,0
159886,0
169743,0
233606,0
84139,0
226988,0
71194,0
60141,0
236552,0
107737,0
176749,0
280866,0
93613,0
17815,0
75782,0
35908,0
159514,0
37206,0
116001,0
251551,0
77013,0
93831,0
181486,0
267751,0
151126,0
117092,0
275911,0
168941,0
17521,0
158462,0
129035,0
261654,0
13070,0
92686,0
260323,0
5799,0
21327,0
154502,0
70458,0
35074,0
282062,0
36441,0
154486,0
173566,0
7504,0
86884,0
261930,0
165823,0
205198,0
240607,0
239870,0
242882,0
251597,0
159561,0
246005,0
146622,0
149321,0
38263,0
224919,0
173570,0
36108,0
179410,0
122301,0
184999,0
9284,0
102219,0
142296,0
162870,0
122031,0
62376,0
8153,0
137447,0
103985,0
33021,0
132086,0
21066,0
60350,0
24047,0
2803,0
255962,0
230193,0
121122,0
233556,0
131531,0
108391,0
282079,0
84920,0
106109,0
216783,0
121230,0
4175,0
99388,0
229475,0
271364,0
247140,0
263431,0
58679,0
230247,0
60713,0
199866,0
146911,0
254172,0
261223,0
280992,0
192044,0
227940,0
118934,0
54419,0
111528,0
164143,0
235493,0
87347,0
278404,0
221682,0
168347,0
136832,0
94184,0
34735,0
33940,0
192202,0
65960,0
21890,0
35221,0
265691,0
275957,0
43582,0
137864,0
203266,0
172639,0
256705,0
183380,0
61680,0
88204,0
179367,0
166128,0
26025,0
89477,0
60924,0
7727,0
274608,0
169528,0
227454,0
79210,0
119925,0
105339,0
74800,0
33840,0
74909,0
81024,0
237348,0
111832,0
5878,0
22671,0
90707,0
230434,0
224998,0
130350,0
61081,0
100526,0
23653,0
218663,0
184581,0
201009,0
74434,0
156789,0
59252,0
3905,0
267796,0
110329,0
280754,0
276352,0
34620,0
223368,0
120314,0
234862,0
269121,0
266250,0
55088,0
78054,0
235776,0
284162,0
26278,0
233229,0
105898,0
27087,0
272791,0
260116,0
86770,0
268660,0
71741,0
7696,0
282405,0
195842,0
160337,0
148863,0
31935,0
103340,0
204966,0
133068,0
207701,0
62817,0
108979,0
60306,0
251415,0
103182,0
238837,0
274520,0
255743,0
221881,0
188007,0
71224,0
268605,0
199014,0
260233,0
180939,0
205903,0
129632,0
110005,0
219664,0
196266,0
46605,0
149491,0
240029,0
26996,0
101224,0
136339,0
29681,0
27892,0
269585,0
113130,0
183343,0
269964,0
283628,0
141697,0
270562,0
39878,0
278600,0
171747,0
281580,0
264203,0
184225,0
44786,0
220285,0
277902,0
21158,0
77995,0
159067,0
200648,0
259216,0
48827,0
161198,0
66631,0
277891,0
206348,0
239,0
83492,0
151343,0
250682,0
245770,0
168339,0
178762,0
220650,0
95071,0
118677,0
110575,0
42355,0
198183,0
268476,0
242166,0
168051,0
211930,0
32741,0
203559,0
180161,0
192109,0
9015,0
159857,0
219846,0
198019,0
162574,0
156336,0
172490,0
240837,0
11050,0
145792,0
244606,0
188576,0
278154,0
74732,0
116810,0
7672,0
207814,0
181330,0
51229,0
200259,0
145234,0
103764,0
178446,0
96408,0
77657,0
137150,0
154628,0
70995,0
182004,0
144336,0
171139,0
274977,0
67237,0
39801,0
57422,0
895,0
23862,0
223813,0
68680,0
54820,0
54574,0
117365,0
82923,0
180242,0
158535,0
27713,0
34989,0
27262,0
203409,0
256928,0
260848,0
42841,0
237412,0
113768,0
236745,0
15416,0
138572,0
274623,0
275096,0
98141,0
216255,0
146760,0
91811,0
136563,0
53892,0
223842,0
238618,0
190040,0
169956,0
59428,0
203096,0
119980,0
156166,0
73056,0
16524,0
12033,0
20282,0
164909,0
197702,0
263484,0
105914,0
152552,0
72311,0
264108,0
58583,0
183543,0
114002,0
216867,0
239472,0
6704,0
48432,0
187791,0
135760,0
177452,0
155818,0
49188,0
171451,0
40308,0
86240,0
74548,0
251626,0
233068,0
28825,0
50734,0
192199,0
198514,0
90390,0
122557,0
103298,0
151417,0
160075,0
8948,0
150897,0
247483,0
160255,0
1673,0
257648,0
42254,0
23876,0
40455,0
88411,0
244548,0
121056,0
27027,0
185017,0
49198,0
50266,0
129272,0
224988,0
280242,0
18038,0
59923,0
72417,0
226539,0
115231,0
70024,0
202632,0
163578,0
2510,0
160509,0
247957,0
259560,0
195345,0
53068,0
256444,0
105607,0
227869,0
18666,0
251008,0
210779,0
274965,0
232920,0
170219,0
1181,0
29116,0
100890,0
143775,0
166132,0
113272,0
210537,0
274051,0
152164,0
32261,0
8261,0
112980,0
209181,0
23190,0
74152,0
197014,0
19766,0
220470,0
249364,0
21992,0
26882,0
120425,0
3153,0
274786,0
249020,0
42098,0
278522,0
244750,0
148473,0
105972,0
8011,0
177732,0
167582,0
85394,0
172005,0
191418,0
243724,0
248370,0
116618,0
244944,0
53698,0
244329,0
226331,0
244773,0
240666,0
205694,0
75457,0
148997,0
17734,0
226314,0
52881,0
242599,0
44118,0
244596,0
224173,0
166829,0
193325,0
167023,0
119250,0
72462,0
95777,0
252781,0
130447,0
226722,0
252819,0
226883,0
133487,0
165075,0
171577,0
99611,0
231174,0
78653,0
18773,1
152660,0
129170,0
271906,0
135629,0
199565,0
48876,0
169523,0
83005,0
116426,0
141217,0
149608,0
108736,0
171406,0
143605,0
45885,0
191690,1
150706,0
213056,0
224527,0
169248,0
233943,0
110833,0
58074,0
159703,0
212113,0
275854,0
180796,0
132459,0
153304,0
30962,0
97554,0
257038,0
108796,0
4758,0
32965,0
111085,0
278838,0
175207,0
209486,0
29637,0
154018,0
185519,0
239114,0
13514,0
235646,0
116355,0
282289,0
248497,0
123383,0
134476,0
16618,0
122395,0
33993,0
75177,0
108744,0
22632,0
185340,0
251535,0
137767,0
164407,0
122785,0
26090,0
109030,0
102253,0
274873,0
143724,0
103229,0
11852,0
249075,0
24782,0
169574,0
202242,0
22156,0
242897,0
204224,0
11570,0
173218,0
199442,0
82551,0
183241,0
71841,0
95979,0
87694,0
183751,0
264802,0
15047,0
100167,0
263185,0
143401,0
111139,0
223263,0
230477,0
248803,0
228917,0
47431,0
147464,0
225233,0
116823,0
189479,0
141323,0
249548,0
196329,0
250193,0
20199,0
165058,0
259035,0
220542,0
38918,0
115447,0
218594,0
275519,0
21121,0
130374,0
43466,0
8315,0
202559,0
157699,0
233671,0
215655,0
244154,0
137456,0
132348,0
3318,0
284663,0
130367,0
196712,0
17194,0
26404,0
53608,0
185262,0
21874,0
283288,0
107714,0
250539,0
106753,0
92215,0
34764,0
239791,0
268294,0
257259,0
208288,0
68424,0
158158,0
218214,0
54856,0
25181,0
159324,0
150799,0
252858,0
108801,0
127085,0
34463,0
75192,0
283170,0
31390,0
121526,0
4887,0
101482,0
220357,0
35413,0
169134,0
22594,0
195214,0
157857,0
218760,0
75039,0
62190,0
28757,0
193655,0
248478,0
266100,0
76255,0
236017,0
205734,0
251760,0
167450,0
180549,0
91,0
54453,0
131773,0
241319,0
86764,0
168422,0
1813,0
218080,0
138032,0
60599,0
99222,0
49724,0
85609,0
52137,0
7537,0
19257,0
126329,0
55469,0
35644,0
63998,0
174119,0
62182,0
218937,0
267961,0
271837,0
239907,0
233779,0
137412,0
177556,0
53536,0
15896,0
247692,0
247151,0
81418,0
131722,0
179882,0
5188,0
89767,0
112068,0
68245,0
206518,0
196111,0
169240,0
46487,0
259182,0
57761,0
137743,0
78080,0
102324,0
98163,0
194470,0
245751,0
43605,0
93639,0
278788,0
181020,0
101,0
236440,0
225980,0
19509,0
133391,0
129740,0
9791,0
235802,0
136851,0
25853,0
123917,0
15814,0
186493,0
150072,0
18999,0
164467,0
51403,0
88881,0
260294,0
138901,0
191185,0
215103,0
108368,0
250191,0
31635,0
275070,0
117907,0
52925,0
251571,0
104308,0
238569,0
25201,0
3393,0
183228,0
268110,0
256109,0
276056,0
173560,0
77213,0
220586,0
2781,0
106906,0
86893,0
272723,0
105072,0
3568,0
220820,0
28335,0
62452,0
172382,0
97741,0
42611,0
56402,0
45568,0
224659,0
189369,0
107748,0
249803,0
180289,0
202008,0
264611,0
209729,0
236569,0
46693,0
258888,0
64523,0
202440,0
130142,0
212059,0
90154,0
6352,0
99059,0
175200,0
234967,0
281026,0
92914,0
74866,0
30649,0
122498,0
186267,0
188741,0
74149,0
174353,0
23734,0
265232,0
159603,0
243774,0
246489,0
94561,0
119887,0
157888,0
226884,0
98525,0
100807,0
218210,0
271578,0
172301,0
45472,0
46109,0
132111,0
18328,0
219085,0
270466,0
142730,0
52732,0
156086,0
24029,0
28631,0
30525,0
226667,0
284022,0
182833,0
107149,0
16440,0
150661,1
158588,0
108534,0
231204,0
264235,0
42025,0
209140,0
245170,0
275904,0
281448,0
10376,0
166828,0
277462,0
245608,0
173792,0
144454,0
76578,0
272218,0
14828,0
13781,0
89143,0
179691,0
257852,0
116326,0
48932,0
15697,0
244619,0
74231,0
118787,0
136303,0
245787,0
239209,0
254876,0
216885,0
257135,0
28416,0
192661,0
284120,0
208675,0
210475,0
151127,0
241259,0
280808,0
151546,0
185871,0
28300,0
50466,0
271991,0
45775,0
40933,0
177072,0
58614,0
229364,0
126948,0
210706,0
148249,0
203142,0
80214,0
144292,0
20696,0
202404,0
9583,0
183179,0
160301,0
167430,0
4695,0
181599,0
225968,0
273721,0
159312,0
259790,0
45525,0
65431,0
12639,0
85294,0
263590,0
59789,0
103860,0
144740,0
180798,0
153847,0
247264,0
155140,0
88393,0
47107,0
260357,0
59645,0
280520,0
271237,0
188903,0
254841,0
105813,0
219927,0
90867,0
15001,0
55962,0
74683,0
229018,0
128708,0
183431,0
181408,0
28032,0
238651,0
80772,0
96834,0
193406,0
210827,0
155589,0
69519,0
99399,0
96668,0
109692,0
76347,0
128853,0
219048,0
40845,0
35998,0
219543,0
160226,0
142369,0
150720,0
14391,0
158448,0
43765,0
235777,0
165824,0
45501,0
90772,0
217556,0
192061,0
243825,0
267849,0
158371,0
257011,0
255838,0
26393,0
38284,0
132937,0
138896,0
210606,0
12321,0
207572,0
93937,0
36952,0
156954,0
230899,0
264130,0
115340,0
258044,0
62892,0
206935,0
239317,0
90515,0
255592,0
275411,0
74278,0
226178,0
23807,0
228696,0
99198,0
184090,0
240022,0
186808,0
115530,0
52285,0
3808,0
2278,0
9941,0
96821,0
70703,0
278374,0
47687,0
162585,0
17962,0
21846,0
223557,0
138455,0
115747,0
278515,0
59981,0
62547,0
213744,0
65041,0
72267,0
223062,0
265150,0
5523,0
115955,0
32872,0
51615,0
171937,0
76063,0
253791,0
98663,0
18110,0
164492,0
208577,0
85467,0
142957,0
277619,0
283860,0
97688,0
82033,0
22123,0
140735,0
155046,0
118710,0
7149,0
2930,0
101479,0
247229,0
182714,0
56242,0
121455,0
201155,0
140275,0
87855,0
167371,0
82113,0
80541,0
182460,0
235751,0
91716,0
277298,0
168727,0
115804,0
242927,0
68310,0
261755,0
158094,0
118420,0
101301,0
10881,0
240640,0
59127,0
13303,0
68518,0
274704,0
75835,0
156234,0
68825,0
236046,0
209773,0
25549,0
167388,0
238484,0
227173,0
190084,0
268118,0
71903,0
88041,0
117506,0
278405,0
190260,0
107123,0
29059,0
206241,0
17576,0
207119,0
147249,0
58858,0
178586,0
148202,0
249321,0
12695,0
39678,0
189393,0
141359,0
148414,0
106334,0
110212,0
142823,0
91836,0
32260,0
82911,0
170884,0
149504,0
231515,0
89198,0
132731,0
7573,0
259684,0
49169,0
108496,0
202291,0
85471,0
63417,0
222686,0
90526,0
216714,0
208913,0
133835,0
136811,0
44061,0
152394,0
36923,0
257363,0
80647,0
191993,0
208484,0
97886,0
18923,0
132506,0
220681,0
153183,0
225281,0
282691,0
43988,0
108263,0
244818,0
237749,0
195750,0
17374,0
260563,0
10743,0
210134,0
35479,0
189624,0
194935,0
76174,0
278922,0
225896,0
225749,0
175756,0
179630,0
87231,0
67110,0
27819,0
282427,0
90957,0
206353,0
181512,0
272384,0
209697,0
57882,0
19187,0
63779,0
117177,0
282884,0
19542,0
262288,0
80809,0
123990,0
166793,0
33656,0
244722,0
138596,0
23354,0
8357,0
145837,0
272964,0
283362,0
265561,0
177108,0
127922,0
51605,0
174559,0
1252,0
14680,0
82233,0
172207,0
58259,0
240351,0
33014,0
25086,0
13426,0
107598,0
280307,0
188329,0
59611,0
153693,0
147589,0
280702,0
163430,0
155099,0
108866,0
24175,0
210024,0
21000,0
225831,0
222472,0
268933,0
6925,0
122477,0
186137,0
28846,0
105477,0
179124,0
183971,0
119170,0
71176,0
221224,0
19391,0
84579,0
282048,0
221877,0
11101,0
184625,0
86667,0
167373,0
101453,0
253481,0
192564,0
156105,0
150379,0
99753,0
21452,0
272570,0
186992,0
13798,0
51189,0
180756,0
114107,0
4780,0
22640,0
188103,0
35262,0
211346,0
122857,0
100619,0
201330,0
217081,0
258171,0
10989,0
109268,0
193062,0
238959,0
17246,0
197797,0
73803,0
276533,0
205636,0
61004,0
130877,0
86820,0
134422,0
135762,0
171366,0
189418,0
33724,0
256453,0
64574,0
195328,0
240798,0
7638,0
127777,0
116424,0
178577,0
142497,0
258404,0
188054,0
40463,0
139613,0
83686,0
236436,0
240587,0
214816,0
71976,0
132216,0
138362,0
82115,0
206655,0
195065,0
209322,0
82429,0
87556,0
240124,0
264263,0
109394,0
105350,0
236171,0
219301,0
252141,0
279019,0
186212,0
186575,0
82763,0
192750,0
218259,0
73651,0
233473,0
149431,0
106206,0
63265,0
90334,0
203985,0
67293,0
85345,0
276295,0
146058,0
88217,0
17648,0
246153,0
261679,0
96549,0
85032,0
111506,0
52526,0
76134,0
174668,0
27733,0
209580,0
108757,0
245840,0
68214,0
151410,0
156388,0
266139,0
155343,0
280223,0
136428,0
54029,0
234526,0
197197,0
79900,0
42791,0
242707,0
65638,0
125968,0
138929,0
60660,0
29060,0
210365,0
244318,0
7434,0
28499,0
136072,0
26754,0
70714,0
138532,0
12274,0
223265,0
180826,0
81125,0
227987,0
147570,0
108050,0
74244,0
96839,0
45070,0
247935,0
269543,0
133815,0
123466,0
134581,0
62235,0
232612,0
195548,0
39962,0
272560,0
36812,0
79354,0
225667,0
181351,0
153592,0
107900,0
213968,0
38356,0
248310,0
8747,0
13257,0
241492,0
81105,0
202383,0
69138,0
250290,0
186359,0
69411,0
235869,0
129645,0
169646,0
158051,0
139622,0
225993,0
121920,0
233957,0
123729,0
154716,0
50544,0
124921,0
171012,0
274847,0
229157,0
176302,0
252662,0
118654,0
149515,0
143603,0
198809,0
188143,0
81278,0
110904,0
264596,0
4111,0
259839,0
72383,0
184550,0
123538,0
106135,0
125345,0
111975,0
250282,0
225154,0
163997,0
69233,0
265058,0
48805,0
264265,0
186014,0
28702,0
246827,0
130372,0
109072,0
210101,0
110208,0
182328,0
21683,0
200027,0
65419,0
84179,0
23973,0
3349,0
59114,0
49814,0
27008,0
250825,0
276782,0
5025,0
124017,0
212531,0
159501,0
148531,0
95441,0
219497,0
118903,0
77028,0
153102,0
115682,0
143265,0
213465,0
50464,0
201543,0
94104,0
212735,0
173948,0
21300,0
132205,0
8716,0
270645,0
212374,0
20046,0
256028,0
13204,0
173706,0
42089,0
134515,0
159699,0
33765,0
67651,0
215876,0
6909,0
146045,0
38581,0
183291,0
44540,0
278293,0
190786,0
192586,0
253154,0
111056,0
156075,0
168464,0
268912,0
88373,0
65938,0
74032,0
66075,0
237386,0
241555,0
175063,0
270753,0
2550,0
237181,0
131836,0
194929,0
277901,0
137285,0
235761,0
193171,0
155903,0
46572,0
153149,0
79293,0
41483,0
251483,0
258935,0
50973,0
252326,0
116087,0
121093,0
235071,0
216256,0
157719,0
61166,0
191591,0
78396,0
270296,0
130511,0
188847,0
133253,0
43959,0
52143,0
23885,0
95373,0
191706,0
90429,0
260865,0
202487,0
59104,0
72769,0
225276,0
104739,0
45387,0
103775,0
196523,0
182035,0
166135,0
55607,0
200516,0
3011,0
224317,0
157701,0
222596,0
61154,0
127012,0
11988,0
110234,0
188272,0
176024,0
111271,0
43798,0
161511,0
217777,0
178960,0
68836,0
120157,0
159151,0
116545,0
187073,0
59199,0
248061,0
158147,0
59269,0
243053,0
10069,0
1294,0
23339,0
41736,0
201893,0
264803,0
154818,0
235470,0
43503,0
19610,0
146204,0
197200,0
128000,0
203363,0
39891,0
160620,0
77379,0
107644,0
221219,0
50891,0
157629,0
78408,0
5420,0
234170,0
190314,0
8303,0
234950,0
280070,0
32629,0
275712,0
82079,0
196504,0
94081,0
46091,0
203898,0
209006,0
113541,0
76061,0
234992,0
113746,0
144770,0
176019,0
23488,0
265123,0
61836,0
91149,0
243559,0
162186,0
270407,0
28855,0
92305,0
135670,0
9305,0
143078,0
279390,0
162099,0
168214,0
202886,0
83844,0
69606,0
73426,0
200723,0
152255,0
104619,0
20904,0
144995,0
263170,0
131432,0
103118,0
10825,0
38038,0
129725,0
188209,0
136313,0
94814,0
225834,0
58396,0
154010,0
263915,0
280906,0
61103,0
271707,0
50339,0
198280,0
166929,0
30786,0
188657,0
211789,0
50899,0
204121,0
23153,0
99844,0
188400,0
108205,0
150090,0
161350,0
127395,0
69670,0
40442,0
196278,0
139802,0
109498,0
69294,0
103809,0
137888,0
209274,0
200523,0
267228,0
176817,0
126331,0
218421,0
53376,0
138201,0
77346,0
26606,0
64246,0
186168,0
69800,0
271824,0
207761,0
205040,0
89694,0
88417,0
80985,0
221063,0
181168,0
66056,0
251784,0
231057,0
63397,0
125151,0
63660,0
199510,0
183223,0
87874,0
93220,0
4186,0
225588,0
222885,0
199573,0
268196,0
50212,0
191814,0
201518,0
124275,0
77295,0
72045,0
100219,0
260414,0
69729,0
172920,0
207585,0
117851,0
8566,0
236877,0
104509,0
89540,0
76104,0
206685,0
76936,0
184268,0
103608,0
162808,0
25772,0
58647,0
142041,0
33227,0
141247,0
167704,0
70549,0
26976,0
74136,0
37771,0
111459,0
40586,0
98092,0
204572,0
8299,0
239884,0
96104,0
279518,0
225869,0
126468,0
206626,0
125419,0
58854,0
123651,0
56289,0
200799,0
46214,0
208176,0
206347,0
278590,0
268170,0
43639,0
49619,0
47315,0
255105,0
143725,0
166303,0
67523,0
90096,0
264074,0
63182,0
262224,0
282666,0
247498,0
90611,0
144568,0
39700,0
171557,0
47671,0
39628,0
76708,0
98995,0
63321,0
163891,0
111497,0
142671,0
37014,0
241854,0
77877,0
272387,0
43833,0
211770,0
34533,0
8514,0
91993,0
58802,0
37231,0
9423,0
238771,0
100125,0
124261,0
189066,0
143215,0
108973,0
204280,0
263255,0
136824,0
123997,0
247350,0
65537,0
252606,0
126279,0
122212,0
187124,0
64617,0
120810,0
125812,0
281760,0
163632,0
281616,0
86296,0
114693,0
166262,0
83618,0
181148,0
96392,0
272708,0
283584,0
112554,0
212844,0
68520,0
95935,0
151826,0
79370,0
37494,0
76999,0
39078,0
199358,0
261291,0
19773,0
38353,0
164425,0
47256,0
220468,0
94211,0
57121,0
164866,0
146043,0
46638,0
227109,0
78609,0
241413,0
22418,0
186948,0
52351,0
157799,0
101328,0
179823,0
147623,0
65091,0
18919,0
265934,0
35985,0
272778,0
43923,0
227924,0
40506,0
169921,0
71131,0
252739,0
229049,0
208189,0
172147,0
255919,0
81622,0
241564,0
119332,0
16343,0
104330,0
46577,0
183492,0
74192,0
15235,0
115558,0
47866,0
114494,0
28053,0
79254,0
215957,0
101231,0
141568,0
165508,0
100433,0
9652,0
263796,0
68910,0
200825,0
202835,0
173362,0
136505,0
56435,0
184910,0
69876,0
33523,0
91188,0
202102,0
22523,0
225057,0
200485,0
24874,0
110041,0
105495,0
14689,0
155447,0
59996,0
267759,0
156628,0
218897,0
268553,0
97373,0
226400,0
194999,0
249065,0
215223,0
29284,0
157390,0
254003,0
25167,0
23641,0
102192,0
244842,0
173232,0
113123,0
160338,0
214520,0
237310,0
107629,0
78328,0
238261,0
223586,0
689,0
106593,0
64423,0
246949,0
29423,0
190155,0
18891,0
238326,0
89845,0
263807,0
266171,0
86984,0
117109,0
248286,0
65775,0
113754,0
140513,0
53772,0
130265,0
45297,0
70653,0
247778,0
166537,0
136423,0
72068,0
131724,0
100553,0
278033,0
229649,0
132503,0
167548,0
631,0
131552,0
193473,0
146682,0
174427,0
170180,0
161433,0
246989,0
58659,0
181019,0
105647,0
151051,0
249556,0
240455,0
202853,0
41011,0
29151,0
194310,0
246338,0
43820,0
167363,0
121964,0
25761,0
269483,0
198602,0
135687,0
99008,0
264396,0
134696,0
70616,0
279816,0
104750,0
240670,0
265032,0
106204,0
166468,0
282259,0
19564,0
40274,0
180788,0
250925,0
60841,0
88375,0
83463,0
41274,0
73686,0
54634,0
211263,0
269933,0
86591,0
71262,0
95195,0
254245,0
101039,0
102232,0
273054,0
102436,0
112255,0
110335,0
48297,0
6035,0
202432,0
13934,0
123071,0
272120,0
174227,0
153127,0
17765,0
131259,0
185977,0
228377,0
271128,0
30928,0
144104,1
82635,0
239005,0
176783,0
132200,0
85522,0
66809,0
106053,0
148485,0
160721,0
164361,0
266915,0
236158,0
240883,0
28136,0
254930,0
224906,0
225901,0
209394,0
54338,0
74702,0
81554,0
70019,0
111013,0
37839,0
102876,0
124416,0
29436,0
111737,0
256468,0
201995,0
30353,0
133529,0
5749,0
46978,0
120638,0
8613,0
228548,0
160790,0
251592,0
274189,0
53736,0
188770,0
87547,0
199004,0
97319,0
241619,0
35512,0
23903,0
135733,0
81458,0
73171,0
199903,0
33926,0
42015,0
224335,0
120900,0
115047,0
234187,0
129626,0
215724,0
136682,0
119936,0
203609,0
64776,0
81187,0
38451,0
146375,0
220793,0
197,0
111643,0
157953,0
116021,0
105809,0
166438,0
201247,0
126684,0
34189,0
219191,0
29386,0
172108,0
181405,0
18045,0
236141,0
196734,0
266004,0
84122,0
186257,0
268734,0
45442,0
174267,0
267040,0
205614,0
209214,0
119701,0
233969,0
3788,0
51432,0
191448,0
130817,0
144792,0
208942,0
109474,0
172939,0
141923,0
135220,0
212050,0
76095,0
247983,0
11194,0
100256,0
232767,0
224024,0
202316,0
29314,0
10124,0
198387,0
177549,0
270229,0
33384,0
212799,0
255965,0
89055,0
155719,0
203817,0
242161,0
181821,0
223892,0
112871,0
201176,0
219252,0
271360,0
30711,0
122954,0
189868,0
22149,0
118051,0
10437,0
29550,0
119377,0
278773,0
216065,0
262647,0
200579,0
25387,0
67740,0
141888,0
148365,0
172160,0
262375,0
196154,0
220894,0
163429,0
89111,0
48082,0
222659,0
171765,0
199305,0
104670,0
120689,0
41768,0
166491,0
62470,0
102726,0
177803,0
483,0
270478,0
101245,0
184892,0
20391,0
32331,0
140132,0
172276,0
194465,0
256941,0
182367,0
61668,0
159064,0
154350,0
98259,0
109991,0
197790,0
18620,0
142927,0
267088,0
226013,0
8307,0
128189,0
4812,0
120086,0
215325,0
73320,0
17395,0
45660,0
180998,0
141299,0
82932,0
273959,0
208020,0
59553,0
115724,0
90986,0
133451,0
147687,0
123509,0
44767,0
252088,0
254654,0
65289,0
147806,0
280049,0
91092,0
176706,0
64330,0
66109,0
256335,0
239567,0
256617,0
140993,0
118880,0
92469,0
109110,0
197516,0
194201,0
187264,0
42509,0
143651,0
104090,0
138940,0
197731,0
241524,0
194750,0
215178,0
131743,0
246463,0
87570,0
167035,0
226086,0
14454,0
269491,0
114507,0
200023,0
262871,0
270587,0
218810,0
120708,0
113402,0
154640,0
170751,0
37608,0
124294,0
103796,0
37552,0
204807,0
78255,0
26560,0
15076,0
117020,0
196515,0
237745,0
74047,0
247206,0
13476,0
68368,0
94983,0
9893,0
246282,0
188610,0
29553,0
165243,0
110958,0
182225,0
222242,0
145834,0
244466,0
136125,0
279566,0
203339,0
139528,0
32242,0
133704,0
90880,0
124259,0
209213,0
59687,0
148843,0
225995,0
248437,0
186336,0
161670,0
206483,0
224157,0
119673,0
89780,0
183424,0
254490,0
213081,0
214165,0
60026,0
272773,0
263386,0
271675,0
9234,0
86985,0
126891,0
122255,0
14698,0
166721,0
33541,0
201764,0
123815,0
31579,0
209093,0
197714,0
272637,0
213927,0
239220,0
106819,0
33142,0
191427,0
172632,0
253268,0
243855,0
115604,0
139782,0
147001,0
268774,0
170025,0
61271,0
70135,0
220059,0
164639,0
24146,0
17048,0
73195,0
91809,0
201648,0
274357,0
270288,0
128389,0
242930,0
126072,0
59962,0
180529,0
161643,0
134973,0
153443,0
40008,0
37146,0
27881,0
181140,0
269262,0
280583,0
123048,0
168308,0
194107,0
280604,0
213330,0
118954,0
128827,0
554,0
151695,0
129278,0
278623,0
124444,0
203156,0
130218,0
12596,0
34353,0
149729,0
238370,0
15748,0
57616,0
9867,0
77743,0
85066,0
163034,0
134361,0
141080,0
128855,0
151956,0
217170,0
98677,0
197545,0
216293,0
213433,0
47817,0
157004,0
116936,0
69594,0
240169,0
33628,0
176962,0
97846,0
253601,0
153389,0
66183,0
274805,0
15238,0
209343,0
207343,0
159023,0
93026,0
238028,0
140489,0
215740,0
51263,0
277542,0
7079,0
271760,0
104298,0
43274,0
41523,0
270606,0
32388,0
39509,0
42247,0
170742,0
49897,0
279803,0
136798,0
25769,0
282357,0
26858,0
213953,0
146232,0
31588,0
219142,0
227531,0
147803,0
231595,0
217554,0
100053,0
150645,0
22744,0
39599,0
234471,0
254922,0
37212,0
220969,0
167322,0
113689,0
60607,0
46822,0
148841,0
144910,0
18267,0
36870,0
238799,0
283470,0
122959,0
4438,0
20414,0
48124,0
39370,0
121125,0
19418,0
154898,0
130236,0
145939,0
119364,0
276757,0
74322,0
177402,0
58829,0
200657,0
185436,0
75942,0
193593,0
865,0
239690,0
280382,0
224546,0
280809,0
198081,0
147617,0
28755,0
192569,0
229079,0
108300,0
275173,0
186973,0
259402,0
156239,0
173563,0
228784,0
73690,0
254733,0
280021,0
230811,0
9025,0
193914,0
247487,0
83315,0
63880,0
26405,0
180156,0
118288,0
189017,0
173631,0
43841,0
270384,0
272492,0
200550,0
108296,0
258003,0
52972,0
20753,0
231133,0
216072,0
96430,0
266672,0
151460,0
159895,0
239096,0
224570,0
168957,0
69753,0
147266,0
283154,0
112339,0
146553,0
24479,0
89096,0
262006,0
6622,0
189408,0
66732,0
141341,0
99735,0
209186,0
208916,0
40651,0
50802,0
160356,0
109850,0
15310,0
129476,0
83016,0
76599,0
267204,0
183845,0
93104,0
237013,0
148199,0
39199,0
3192,0
209325,0
161597,0
62364,0
11460,0
32309,0
30596,0
51647,0
171292,0
43223,0
12519,0
123489,0
284088,0
233412,0
197865,0
67994,0
30923,0
16991,0
155939,0
78538,0
275307,0
198561,0
192026,0
17028,0
189328,0
243334,0
112829,0
220817,0
195918,0
196049,0
174020,0
9889,0
216963,0
164340,0
237676,0
52016,0
131078,0
37373,0
37020,0
126408,0
108828,0
59987,0
232846,0
35605,0
261997,0
75223,0
63657,0
156680,0
247607,0
149862,0
224464,0
194622,0
160668,0
265573,0
177041,0
43326,0
41076,0
154155,0
130391,0
198942,0
69245,0
62166,0
222177,0
28276,0
117380,0
141130,0
104618,0
83585,0
232635,0
125510,0
114919,0
119481,0
214445,0
80635,0
23083,0
162397,0
203109,0
248239,0
241317,0
173184,0
200678,0
52737,0
242011,0
282212,0
231382,0
252729,0
45747,0
152041,0
110155,0
136801,0
89760,0
209621,0
226156,0
191709,0
216616,0
189399,0
232161,0
73525,0
272911,0
89450,0
48717,0
46573,0
209885,0
246770,0
188167,0
273916,0
148431,0
1284,0
256263,0
682,0
271309,0
257122,0
166543,0
218542,0
178812,0
96001,0
24970,0
113340,0
74017,0
116665,0
244332,0
207105,0
175837,0
28427,0
215316,0
136800,0
4846,0
67344,0
12407,0
144710,0
239277,0
273593,0
216986,0
152792,0
228030,0
23541,0
119549,0
100994,0
175654,0
180841,0
39144,0
282591,0
122747,0
108410,0
206443,0
163614,0
281235,0
185771,0
119492,0
102562,0
131209,0
246210,0
145055,0
244403,0
49340,0
18162,0
45744,0
124028,0
143958,0
113095,0
179385,0
67952,0
180375,0
192911,0
3227,0
183727,0
162370,0
228140,0
131027,0
57553,0
203734,0
68329,0
260038,0
111750,0
277874,0
37329,0
253607,0
176560,0
126270,0
131936,0
123550,0
70063,0
140089,0
71953,0
125011,0
247928,0
187606,0
149237,0
268336,0
35859,0
160186,0
36190,0
110387,0
259666,0
43837,0
106167,0
177890,0
25601,0
7076,0
269667,0
104698,0
116586,0
46937,0
34646,0
225474,0
217843,0
117414,0
91516,0
108359,0
168866,0
99940,0
102774,0
251229,0
278728,0
199950,0
269430,0
4424,0
151634,0
113333,0
205243,0
47368,0
257973,0
162433,0
46834,0
66670,0
74509,0
15106,0
192776,0
86734,0
33892,0
188553,0
176861,0
13134,0
174117,0
262795,0
182251,0
263557,0
52588,0
32997,0
63104,0
145869,0
1508,0
257395,0
83851,0
167772,0
255687,0
196431,0
93872,0
243684,0
100965,0
135667,0
123574,0
222950,0
169594,0
216733,0
143262,0
84204,0
130966,0
193553,0
80775,0
178098,0
41701,0
234034,0
271551,0
244520,0
72600,0
193695,0
140852,0
8093,0
112292,0
156540,0
180741,0
93156,0
103973,0
146647,0
125597,0
185509,0
276539,0
172203,0
278044,0
179626,0
212041,0
249074,0
311,0
180348,0
151926,0
11787,0
155892,0
83827,0
253080,0
74608,0
264554,0
140342,0
100282,0
71591,0
49982,0
159328,0
161248,0
257531,0
143266,0
153704,0
107031,0
166118,0
65137,0
4072,0
150414,0
267877,0
50672,0
153744,0
32516,0
78416,0
273096,0
199696,0
208486,0
8976,0
116009,0
41271,0
191934,0
228081,0
265237,0
263278,0
200815,0
108091,0
65657,0
141475,0
126776,0
225382,0
10991,0
37473,0
266155,0
197462,0
8238,0
95492,0
234986,0
135245,0
155254,0
105088,0
267084,0
133349,0
53890,0
281237,0
167583,0
222014,0
160420,0
274403,0
265398,0
186569,0
128794,0
253155,0
248314,0
25076,0
32827,0
114059,0
79371,0
283870,0
202722,0
154856,0
182317,0
114697,0
192065,0
53043,0
204704,0
270865,0
51503,0
154118,0
158602,0
175888,0
63580,0
100048,0
263523,0
207405,0
87038,0
74207,0
166420,0
156393,0
25073,0
32414,0
277535,0
280406,0
86011,0
22574,0
222701,0
143440,0
44552,0
209547,0
43259,0
267590,0
112973,0
91777,0
250513,0
204973,0
254039,0
141658,0
44912,0
114373,0
196634,0
70852,0
250774,0
119937,0
158882,0
73935,0
122074,0
83240,0
272304,0
102569,0
172684,0
114436,0
183781,0
46824,0
143630,0
16037,0
266954,0
175230,0
665,0
29632,0
243272,0
44086,0
180,0
181670,0
218781,0
151005,0
48524,0
31846,0
43892,0
104273,0
176819,0
39331,0
17030,0
116722,0
20777,0
131763,0
66874,0
261017,0
114886,0
221866,0
122601,0
168601,0
89430,0
48621,0
96652,0
138437,0
210501,0
217624,0
25578,0
206788,0
99070,0
162761,0
174832,0
64504,0
89289,0
227403,0
170237,0
119871,0
166841,0
26962,0
136435,0
23483,0
167598,0
26078,0
241276,0
189557,0
136900,0
90254,0
103561,0
36583,0
150824,0
220460,0
76085,0
233859,0
30580,0
195746,0
171913,0
32366,0
191860,0
245094,0
166112,0
16328,0
105097,0
32470,0
186821,0
278939,0
203637,0
86088,0
106034,0
109064,0
76176,0
54828,0
14918,0
113170,0
64422,0
136394,0
275236,0
183205,0
189013,0
197263,0
215016,0
57339,0
89861,0
36450,0
236153,0
202798,0
265899,0
61617,0
176656,0
262684,0
248649,0
167659,0
161768,0
82402,0
271194,0
262970,0
257752,0
212088,0
20463,0
240981,0
273247,0
86243,0
16783,0
28269,0
8001,0
180821,0
180255,0
147381,0
100347,0
131343,0
99133,0
25643,0
90646,0
137035,0
219649,0
229666,0
120639,0
2460,0
155145,0
133974,0
196837,0
127346,0
249819,0
211257,0
203587,0
277051,0
259069,0
253337,0
243197,0
206908,0
61305,0
26023,0
117324,0
174725,0
7414,0
198789,0
116935,0
216999,0
131593,0
186147,0
28255,0
123436,0
42071,0
186878,0
160206,0
260650,0
48888,0
107490,0
226742,0
275962,0
185746,0
81245,0
77196,0
46161,0
140795,0
204950,0
85611,0
56722,0
92801,0
135576,0
190607,0
86818,0
284289,0
20402,0
7000,0
70559,0
19090,0
82367,0
32844,0
177105,0
95778,0
267158,0
16597,0
179451,0
203687,0
266735,0
47054,0
266601,0
83624,0
166008,0
12159,0
48573,0
270178,0
182018,0
37788,0
59820,0
16569,0
9238,0
9564,0
279128,0
39343,0
18712,0
138280,0
63485,0
38812,0
184194,0
139983,0
103683,0
181579,0
115293,0
92916,0
217135,0
122107,0
10180,0
11230,0
27168,0
184799,0
66060,0
52540,0
70594,0
261153,0
25002,0
226306,0
278313,0
273105,0
126642,0
92480,0
246293,0
254514,0
6472,1
158798,0
14911,0
132718,0
30405,0
189550,0
6379,0
60268,0
107399,0
1603,0
213821,0
64441,0
147942,0
116037,0
134384,0
273099,0
46498,0
244814,0
81330,0
21661,0
76049,0
237691,0
194588,0
218123,0
16674,0
15750,0
105976,0
104565,0
117396,0
149296,0
257134,0
147555,0
258872,0
71995,0
76178,0
30779,0
221166,0
189814,0
9468,0
189484,0
104165,0
15570,0
121679,0
34269,0
48040,0
27677,0
33964,0
270958,0
105574,0
183966,0
219271,0
197515,0
195375,0
248465,0
76736,0
280511,0
243557,0
32519,0
141915,0
251696,0
28787,0
101233,0
265065,0
7030,0
283504,0
45081,0
29027,0
258882,0
44010,0
43142,0
134940,0
57383,0
168154,0
282693,0
199057,0
253958,0
233093,0
216061,0
249373,0
44065,0
4027,0
11780,0
147273,0
240093,0
121199,0
279056,0
278080,0
121192,0
1073,0
134219,0
56572,0
153555,0
65996,0
258439,0
169045,0
208652,0
71666,0
222209,0
73080,0
146778,0
243299,0
117235,0
125385,0
131257,0
123630,0
20157,0
112809,0
282335,0
109464,0
102454,0
27216,0
38062,0
268549,0
247723,0
66223,0
258777,0
12053,0
135639,0
47287,0
149266,0
43235,0
114628,0
74639,0
188102,0
164807,0
40799,0
175243,0
77893,0
37616,0
152788,0
59665,0
185037,0
166477,0
17630,0
98086,0
203923,0
260870,0
190569,0
193289,0
96018,0
130852,0
101272,0
42992,0
51624,0
192220,0
225994,0
154784,0
227283,0
72892,0
137599,0
267658,0
141573,0
184389,0
136218,0
198073,0
172323,0
75351,0
10677,0
253792,0
198536,0
32428,0
176636,0
269402,0
57576,0
270658,0
134240,0
25488,0
136890,0
171481,0
164323,0
204685,0
210499,0
1374,0
13985,0
140823,0
141599,0
5192,0
152586,0
173764,0
254539,0
174433,0
128264,0
143115,0
147398,0
246026,0
243839,0
278712,0
234785,0
184732,0
150917,0
227422,0
212698,0
9049,0
196209,0
109986,0
129068,0
115862,0
249173,0
59297,0
112650,0
112840,1
252145,0
179812,0
229688,0
41393,0
51842,0
262506,0
173365,0
112341,0
17963,0
251126,0
284482,0
17464,0
105427,0
70338,0
261618,0
99353,0
15715,0
256071,0
257040,0
70563,0
178267,0
71952,0
245741,0
7562,0
270755,0
209463,0
182647,0
144037,0
187507,0
106575,0
114170,0
240083,0
271844,0
85160,0
148795,0
206324,0
92329,0
185518,0
5618,0
240634,0
265330,0
83064,0
185725,0
1549,0
63096,0
36160,0
73808,0
107133,0
77873,0
72929,0
162507,0
181391,0
224115,0
46327,0
207792,0
60046,0
17933,0
56861,0
251537,0
63890,0
73119,0
236973,0
109166,0
9227,0
231926,0
229087,0
120756,0
271020,0
900,0
27493,0
143626,0
18071,0
214598,0
132182,0
260684,0
156216,0
267783,0
153705,0
182544,0
188737,0
225319,0
30025,0
216722,0
7550,0
108581,0
92426,0
188290,0
37392,0
50050,0
66016,0
165319,0
111867,0
86687,0
193382,0
79377,0
190577,0
186694,0
194454,0
26183,0
103825,0
231412,0
277227,0
134904,0
228688,0
24741,0
144091,0
229415,0
172674,0
264986,0
58690,0
182629,0
138955,0
145222,0
193584,0
225892,0
93513,0
58278,0
18820,0
23462,0
224812,0
267282,0
211187,0
237741,0
76135,0
232105,0
99115,0
242834,0
271318,0
218629,0
247695,0
7509,0
174419,0
71427,0
248502,0
185844,0
253118,0
153228,0
278957,0
177737,0
50756,0
208699,0
33395,0
190687,0
28890,0
39138,0
166357,0
7875,0
218190,0
233292,0
154517,0
250803,0
57194,0
177007,0
207557,0
64844,0
157852,0
232480,0
224907,0
273153,0
281711,0
217856,0
42434,0
54811,0
36122,0
252183,0
42757,0
270995,0
107523,0
257936,0
197380,0
233912,0
112251,0
248966,0
281989,0
117987,0
31192,0
60616,0
215760,0
182540,0
61394,0
73631,0
232932,0
61990,0
117320,0
229063,0
236680,0
79238,0
235536,0
227998,0
177371,0
138031,0
226944,0
35814,0
34371,0
132448,0
269926,0
200868,0
161771,0
78757,0
130429,0
62268,0
45520,0
239655,0
135788,0
98320,0
248002,0
81827,0
60781,0
64922,0
67608,0
127197,0
150472,0
248871,0
137933,0
135664,0
214896,0
36021,0
180976,0
91447,0
94632,0
59303,0
76206,0
75791,0
189107,0
229878,0
125383,0
59593,0
46866,0
180056,0
169486,0
145781,0
123206,0
65955,0
205862,0
140061,0
99442,0
47789,0
210796,0
275964,0
262996,0
240226,0
269619,0
172709,0
181533,0
99118,0
178301,0
85299,0
147809,0
235856,0
256459,0
194644,0
24122,0
69708,0
206189,0
44394,0
94095,0
124828,0
135135,0
188781,0
97108,0
81511,0
172440,0
233085,0
183833,0
276198,0
76248,0
272033,0
101352,0
124094,0
17860,0
16141,0
265009,0
42584,0
32691,0
153929,0
187231,0
268193,0
215442,0
68305,0
121875,0
49268,0
202333,0
30231,0
137451,0
109845,0
161021,0
241120,0
157376,0
274069,0
26733,0
143482,0
194332,0
31925,0
177178,0
212607,0
276717,0
88001,0
240095,0
89637,0
251287,0
174805,0
119593,0
207007,0
252585,0
73711,0
31426,0
143669,0
128069,0
47563,0
19296,0
50163,0
223475,0
245320,0
158410,0
153248,0
49342,0
14970,0
178218,0
104033,0
101860,0
36566,0
241790,0
135658,0
10610,0
177734,0
196383,0
248123,0
119077,0
158984,0
108584,0
185248,0
249858,0
63793,0
61186,0
139306,0
27809,0
273090,0
46838,0
134402,0
101856,0
177862,0
164386,0
1257,0
34038,0
60873,0
281073,0
125040,0
207421,0
150672,0
239323,0
135765,0
127723,0
231093,0
45606,0
81302,0
129652,0
54982,0
234856,0
101653,0
24715,0
268456,0
224228,0
78278,0
184768,0
57024,0
204525,0
148288,0
175733,0
222106,0
197579,0
89177,0
242392,0
143134,0
112033,0
144525,0
216647,0
108848,0
141187,0
61207,0
226981,0
146943,0
12508,0
127580,0
147661,0
116802,0
203794,0
101375,0
220988,0
46448,0
227846,0
239517,0
39421,0
231242,0
42813,0
184688,0
122303,0
234140,0
149486,0
86334,0
202751,0
76902,0
233012,0
176350,0
107169,0
265137,0
107454,0
81283,0
91150,0
172435,0
240821,0
193282,0
56579,0
207784,0
160285,0
85344,0
43425,0
220263,0
142748,0
25952,0
131356,0
187189,0
16570,0
19435,0
13488,0
74564,0
43242,0
21517,0
114478,0
132593,0
1191,0
188036,0
216625,0
261923,0
265112,0
189568,0
94744,0
139049,0
92611,0
271251,0
156654,0
226029,0
93098,0
269993,0
77988,0
58613,0
245498,0
25259,0
197352,0
234512,0
80074,0
115187,0
13466,0
111803,0
133740,0
38060,0
281963,0
267218,0
17462,0
257407,0
172691,0
163176,0
165088,0
64438,0
215006,0
77960,0
182929,0
171542,0
129915,0
228317,0
168282,0
143121,0
105769,0
262346,0
139445,0
99354,0
29213,0
96758,0
185802,0
175638,0
118541,0
182078,0
267880,0
195681,0
12747,0
184607,0
228367,0
256911,0
123433,0
282617,0
158002,0
50509,0
165545,0
250538,0
196341,0
88656,0
66118,0
142672,0
245117,0
235500,0
236236,0
277043,0
8188,0
245246,0
245611,0
66781,0
240088,0
12994,0
99627,0
183598,0
259426,0
247145,0
116857,0
171986,0
56718,0
244325,0
54300,0
110226,0
43563,0
30880,0
162468,0
134757,0
192319,0
82653,0
200894,0
158555,0
183678,0
246771,0
64119,0
138160,0
114545,0
225131,0
221186,0
213923,0
234235,0
230044,0
68878,0
237509,0
242986,0
187472,0
137847,0
112731,0
152029,0
128537,0
168281,0
189104,0
36319,0
242623,0
160169,0
225889,0
11260,0
211934,0
121517,0
152704,0
74298,0
163099,0
2106,0
175809,0
88840,0
251102,0
133484,0
208282,0
89187,0
205696,0
141484,0
166760,0
14645,0
152480,0
65223,0
187532,0
116921,0
164772,0
83440,0
269066,0
212893,0
231166,0
199517,0
98606,0
75706,0
124334,0
148509,0
53797,0
10873,0
87645,0
103618,0
252048,0
235073,0
157844,0
59509,0
71677,0
56295,0
11124,0
42489,0
112918,0
69213,0
79808,0
34410,0
231789,0
64735,0
21798,0
171073,0
33649,0
223421,0
154715,0
134279,0
100997,0
224450,0
15811,0
3260,0
259174,0
86639,0
191118,0
218683,0
253233,0
284048,0
145751,0
187572,0
38671,0
171242,0
11963,0
250836,0
129553,0
132251,0
49867,0
82023,0
204371,0
161734,0
221068,0
56834,0
220066,0
45093,0
202805,0
128120,0
77391,0
267897,0
74006,0
71285,0
183303,0
249350,0
45785,0
5683,0
67138,0
60620,0
23508,0
7697,0
34480,0
98341,0
64047,0
61678,0
108029,0
154070,0
103370,0
126862,0
19154,0
164192,0
136054,0
66600,0
249872,0
230375,0
64920,0
242489,0
90992,0
135831,0
302,0
95395,0
1412,0
149807,0
39888,0
255005,0
208057,0
23913,0
159177,0
261652,0
130761,0
187410,0
91373,0
233863,0
53538,0
241683,0
219940,0
134758,0
21037,0
60146,0
33837,0
90140,0
205242,0
229536,0
183816,0
250258,0
124558,0
132298,0
94896,0
79658,0
180420,0
73346,0
31110,0
227603,0
97420,0
120517,0
222504,0
211362,0
82220,0
181540,0
262005,0
260695,0
77956,0
216396,0
250153,0
57841,0
85831,0
243861,0
182394,0
47448,0
65513,0
206901,0
129433,0
31264,0
214918,0
270805,0
230637,0
30240,0
21423,0
217118,0
18025,0
190378,0
181885,0
152721,0
175572,0
175614,0
167879,0
250674,0
37842,0
43870,0
205721,0
179757,0
15131,0
54072,0
264415,0
76699,0
259543,0
99307,0
78070,0
49925,0
176611,0
904,0
164144,0
111211,0
53143,0
95914,0
121166,0
43243,0
84102,0
199602,0
179939,0
18694,0
262514,0
39549,0
143613,0
198656,0
24603,0
197044,0
175511,0
76670,0
127123,0
28018,0
136355,0
37283,0
131416,0
40288,0
180468,0
86774,0
265896,0
153722,0
159286,0
63868,0
93309,0
193377,0
159159,0
17272,0
279486,0
157207,0
30791,0
266346,0
18149,0
114209,0
283730,0
211851,0
32160,0
94545,0
194958,0
108376,0
113472,0
261121,0
260085,0
236288,0
63535,0
77157,0
203938,0
171664,0
105391,0
79299,0
203238,0
13166,0
47178,0
6597,0
34532,0
162217,0
277838,0
38414,0
275276,0
151467,0
1127,0
252529,0
32693,0
230463,0
53222,0
256010,0
270381,0
214801,0
39412,0
152868,0
199755,0
131240,0
166035,0
12098,0
34442,0
250090,0
6468,0
74527,0
144442,0
228591,0
16646,0
103567,0
165780,0
102489,0
192174,0
246028,0
245923,0
249485,0
180943,0
162603,0
37988,0
158550,0
241748,0
215671,0
257817,0
176351,0
123546,0
239733,0
15381,0
179911,0
151348,0
69804,0
75183,0
93036,0
136560,0
28210,0
173080,0
139959,0
186533,0
73849,0
121955,0
155963,0
270931,0
47444,0
135057,0
258765,0
99954,0
275234,0
57046,0
32797,0
239322,0
223362,0
21778,0
88180,0
76442,0
257148,0
5670,0
149355,0
135098,0
7831,0
88258,1
222088,0
130752,0
43132,0
221952,0
231077,0
10847,0
274214,0
102464,0
16518,0
149963,0
275588,0
220606,0
241412,0
51920,0
86907,0
59260,0
90228,0
271686,0
17510,0
284002,0
240554,0
250913,0
280957,0
259215,0
172445,0
64182,0
57234,0
99938,0
265042,0
237065,0
98979,0
235051,0
130956,0
211379,0
280616,0
137025,0
272873,0
260069,0
245374,0
164689,0
164286,0
35047,0
276646,0
207468,0
48318,0
196394,0
138467,0
178606,0
78720,0
11089,0
223823,0
275861,0
90366,0
11233,0
2327,0
43492,0
101296,0
134306,0
157407,0
116412,0
252774,1
39285,0
86503,0
230621,0
55252,0
165031,0
64655,0
128111,0
157031,0
124153,0
232219,0
180632,0
71832,0
282629,0
186841,0
248268,0
199783,0
10156,0
149125,0
25064,0
165245,0
177191,0
114663,0
35081,0
157951,0
99054,0
96468,0
219211,0
49616,0
147735,0
137377,0
97653,0
180166,0
36911,0
169986,0
55086,0
158362,0
252384,0
19891,0
113670,0
209191,0
43960,0
239442,0
78497,0
50368,0
52038,0
156394,0
43873,0
191279,0
233843,0
282299,0
185766,0
14057,0
45535,0
135826,0
274098,0
121643,0
166306,0
1693,0
270777,0
186023,0
72613,0
221851,0
89962,0
237636,0
216039,0
54788,0
115399,0
229483,0
4031,0
26230,0
258234,0
48528,0
245357,0
135460,0
125590,0
64698,0
276068,0
92397,0
130655,0
191874,0
224978,0
16045,0
181553,0
107104,0
281409,0
252038,0
179727,0
108411,0
187542,0
173195,0
201669,0
69211,0
268250,0
280929,0
155000,0
25558,0
44979,0
33178,0
82088,0
104027,0
269922,0
74481,0
95720,0
226738,0
5313,0
117446,0
225853,0
261001,0
71985,0
217671,0
45581,0
19505,0
189763,0
182181,0
48586,0
231688,0
83915,0
91842,0
52501,0
156171,0
38418,0
168757,0
195950,0
151873,0
116433,0
198488,0
48836,0
251222,0
93456,0
111520,0
267203,0
39304,0
155006,0
201716,0
29208,0
154266,0
215158,0
186405,0
268347,0
275227,0
60754,0
202469,0
73313,0
135671,0
131244,0
183225,0
275693,0
163945,0
6857,0
60958,0
2279,0
246130,0
14449,0
226351,0
51611,0
111600,0
164652,0
90087,0
121598,0
278883,0
98484,0
34048,0
280574,0
75240,0
153509,0
238653,0
75043,0
200552,0
238235,0
19481,0
127230,0
121742,0
189541,0
192439,0
250071,0
262292,0
276337,0
71270,0
112154,0
214043,0
148455,0
128847,0
229181,0
13982,0
145744,0
71020,0
121259,0
271180,0
22421,0
140369,0
107709,0
194675,0
218386,0
131545,0
10664,0
42417,0
84762,0
48590,0
193478,0
121954,0
47929,0
243540,0
3651,0
173774,0
117778,0
156028,0
251419,0
30402,0
161577,0
75755,0
66526,0
258075,0
90985,0
61686,0
237629,0
236264,0
239128,0
207551,0
178956,0
167811,0
118488,0
209602,0
173407,0
159915,0
172466,0
49026,0
210716,0
143535,0
100085,0
253552,0
81321,0
250011,0
247815,0
10305,0
237129,0
18691,0
82424,0
144700,0
60777,0
251680,0
48514,0
139594,0
137741,0
107441,0
193816,0
67064,0
99283,0
54490,0
250218,0
167086,0
187399,0
269243,0
153157,0
180748,0
66671,0
46176,0
81029,0
140828,0
109088,0
252226,0
28394,0
100749,0
51219,0
75920,0
113918,0
168007,0
150012,0
107386,0
27941,0
160954,0
52649,0
273571,0
241871,0
129684,0
173900,0
42899,0
142348,0
222571,0
11935,0
265697,0
146881,0
155206,0
265888,0
135272,0
18693,0
240242,0
227303,0
128845,0
142346,0
130523,0
13676,0
110843,0
76339,0
207019,0
178536,0
137712,0
120831,0
33809,0
94678,0
186291,0
113665,0
250232,0
256350,0
96069,0
244483,0
212003,0
278424,0
139675,0
189667,0
181482,0
15032,0
194290,0
184559,0
185442,0
267557,0
214192,0
20227,0
61381,0
251747,0
262605,0
49495,0
149253,0
215312,0
89993,0
21047,0
131701,0
181865,0
70716,0
167539,0
67645,0
128892,0
241077,0
30319,0
99578,0
61510,0
79776,0
197181,0
279449,0
41970,0
221550,0
93368,0
167013,0
191325,0
170436,0
192373,0
175176,0
220849,0
67316,0
112234,0
173498,0
191389,0
125772,0
67437,0
108140,0
214693,0
239641,0
92720,0
25221,0
84444,0
116693,0
122783,0
240442,0
126718,0
133873,0
220981,0
208466,0
165076,0
23570,0
75067,0
254113,0
195923,0
81685,0
70671,0
265582,0
138942,0
248261,0
